Bar Closures,Date,Gathering Bans,Mask Mandates,Restaurant Closures,Stay at Home Orders,Booster Dose,Daily Test,Dose 1,Fully Vaccinated,New Cases,New Deaths,Total Doses
No restriction found,3/1/2020,No order found,No state/territorial mask mandate,No restriction found,No order found,0,57,0,0,0,0,0
No restriction found,3/2/2020,No order found,No state/territorial mask mandate,No restriction found,No order found,0,114,0,0,5,0,0
No restriction found,3/3/2020,No order found,No state/territorial mask mandate,No restriction found,No order found,0,86,0,0,4,0,0
No restriction found,3/4/2020,No order found,No state/territorial mask mandate,No restriction found,No order found,0,68,0,0,10,0,0
No restriction found,3/5/2020,No order found,No state/territorial mask mandate,No restriction found,No order found,0,183,0,0,7,1,0
No restriction found,3/6/2020,No order found,No state/territorial mask mandate,No restriction found,No order found,0,207,0,0,9,0,0
No restriction found,3/7/2020,No order found,No state/territorial mask mandate,No restriction found,No order found,0,491,0,0,19,0,0
No restriction found,3/8/2020,No order found,No state/territorial mask mandate,No restriction found,No order found,0,176,0,0,26,0,0
No restriction found,3/9/2020,No order found,No state/territorial mask mandate,No restriction found,No order found,0,199,0,0,19,0,0
No restriction found,3/10/2020,No order found,No state/territorial mask mandate,No restriction found,No order found,0,501,0,0,24,1,0
No restriction found,3/11/2020,No order found,No state/territorial mask mandate,No restriction found,No order found,0,649,0,0,20,1,0
No restriction found,3/12/2020,No order found,No state/territorial mask mandate,No restriction found,No order found,0,1493,0,0,21,0,0
No restriction found,3/13/2020,No order found,No state/territorial mask mandate,No restriction found,No order found,0,1180,0,0,49,1,0
No restriction found,3/14/2020,No order found,No state/territorial mask mandate,No restriction found,No order found,0,1787,0,0,41,0,0
No restriction found,3/15/2020,No order found,No state/territorial mask mandate,No restriction found,No order found,0,1582,0,0,47,1,0
No restriction found,3/16/2020,No order found,No state/territorial mask mandate,No restriction found,No order found,0,2101,0,0,57,1,0
No restriction found,3/17/2020,No order found,No state/territorial mask mandate,No restriction found,No order found,0,2288,0,0,80,0,0
No restriction found,3/18/2020,No order found,No state/territorial mask mandate,No restriction found,No order found,0,2901,0,0,38,2,0
Curbside/delivery only,3/19/2020,No order found,No state/territorial mask mandate,Curbside/delivery only,Mandatory - all people,0,3434,0,0,165,8,0
Curbside/delivery only,3/20/2020,No order found,No state/territorial mask mandate,Curbside/delivery only,Mandatory - all people,0,6101,0,0,331,3,0
Curbside/delivery only,3/21/2020,No order found,No state/territorial mask mandate,Curbside/delivery only,Mandatory - all people,0,5837,0,0,218,6,0
Curbside/delivery only,3/22/2020,No order found,No state/territorial mask mandate,Curbside/delivery only,Mandatory - all people,0,8799,0,0,244,2,0
Curbside/delivery only,3/23/2020,No order found,No state/territorial mask mandate,Curbside/delivery only,Mandatory - all people,0,5849,0,0,265,9,0
Curbside/delivery only,3/24/2020,No order found,No state/territorial mask mandate,Curbside/delivery only,Mandatory - all people,0,9782,0,0,222,2,0
Curbside/delivery only,3/25/2020,No order found,No state/territorial mask mandate,Curbside/delivery only,Mandatory - all people,0,9540,0,0,580,11,0
Curbside/delivery only,3/26/2020,No order found,No state/territorial mask mandate,Curbside/delivery only,Mandatory - all people,0,11916,0,0,471,16,0
Curbside/delivery only,3/27/2020,No order found,No state/territorial mask mandate,Curbside/delivery only,Mandatory - all people,0,12687,0,0,795,14,0
Curbside/delivery only,3/28/2020,No order found,No state/territorial mask mandate,Curbside/delivery only,Mandatory - all people,0,12518,0,0,842,23,0
Curbside/delivery only,3/29/2020,No order found,No state/territorial mask mandate,Curbside/delivery only,Mandatory - all people,0,10467,0,0,5923,134,0
Curbside/delivery only,3/30/2020,No order found,No state/territorial mask mandate,Curbside/delivery only,Mandatory - all people,0,10029,0,0,0,0,0
Curbside/delivery only,3/31/2020,No order found,No state/territorial mask mandate,Curbside/delivery only,Mandatory - all people,0,10995,0,0,1169,15,0
Curbside/delivery only,4/1/2020,No order found,No state/territorial mask mandate,Curbside/delivery only,Mandatory - all people,0,14271,0,0,1223,21,0
Curbside/delivery only,4/2/2020,No order found,No state/territorial mask mandate,Curbside/delivery only,Mandatory - all people,0,15383,0,0,1036,32,0
Curbside/delivery only,4/3/2020,No order found,No state/territorial mask mandate,Curbside/delivery only,Mandatory - all people,0,14139,0,0,1510,34,0
Curbside/delivery only,4/4/2020,No order found,No state/territorial mask mandate,Curbside/delivery only,Mandatory - all people,0,12066,0,0,1325,39,0
Curbside/delivery only,4/5/2020,No order found,No state/territorial mask mandate,Curbside/delivery only,Mandatory - all people,0,10268,0,0,1412,43,0
Curbside/delivery only,4/6/2020,No order found,No state/territorial mask mandate,Curbside/delivery only,Mandatory - all people,0,8568,0,0,898,24,0
Curbside/delivery only,4/7/2020,No order found,No state/territorial mask mandate,Curbside/delivery only,Mandatory - all people,0,24815,0,0,1529,31,0
Curbside/delivery only,4/8/2020,No order found,No state/territorial mask mandate,Curbside/delivery only,Mandatory - all people,0,14159,0,0,1092,69,0
Curbside/delivery only,4/9/2020,No order found,No state/territorial mask mandate,Curbside/delivery only,Mandatory - all people,0,13164,0,0,1352,49,0
Curbside/delivery only,4/10/2020,No order found,No state/territorial mask mandate,Curbside/delivery only,Mandatory - all people,0,14997,0,0,1163,49,0
Curbside/delivery only,4/11/2020,No order found,No state/territorial mask mandate,Curbside/delivery only,Mandatory - all people,0,13200,0,0,1143,40,0
Curbside/delivery only,4/12/2020,No order found,No state/territorial mask mandate,Curbside/delivery only,Mandatory - all people,0,10816,0,0,1179,39,0
Curbside/delivery only,4/13/2020,No order found,No state/territorial mask mandate,Curbside/delivery only,Mandatory - all people,0,9150,0,0,554,38,0
Curbside/delivery only,4/14/2020,No order found,No state/territorial mask mandate,Curbside/delivery only,Mandatory - all people,0,21999,0,0,905,34,0
Curbside/delivery only,4/15/2020,No order found,No state/territorial mask mandate,Curbside/delivery only,Mandatory - all people,0,13958,0,0,1171,96,0
Curbside/delivery only,4/16/2020,No order found,No state/territorial mask mandate,Curbside/delivery only,Mandatory - all people,0,16945,0,0,1758,82,0
Curbside/delivery only,4/17/2020,No order found,No state/territorial mask mandate,Curbside/delivery only,Mandatory - all people,0,16966,0,0,1346,80,0
Curbside/delivery only,4/18/2020,No order found,No state/territorial mask mandate,Curbside/delivery only,Mandatory - all people,0,16762,0,0,1435,74,0
Curbside/delivery only,4/19/2020,No order found,No state/territorial mask mandate,Curbside/delivery only,Mandatory - all people,0,15454,0,0,1370,93,0
Curbside/delivery only,4/20/2020,No order found,No state/territorial mask mandate,Curbside/delivery only,Mandatory - all people,0,12372,0,0,645,30,0
Curbside/delivery only,4/21/2020,No order found,No state/territorial mask mandate,Curbside/delivery only,Mandatory - all people,0,19046,0,0,2283,41,0
Curbside/delivery only,4/22/2020,No order found,No state/territorial mask mandate,Curbside/delivery only,Mandatory - all people,0,22308,0,0,2135,105,0
Curbside/delivery only,4/23/2020,No order found,No state/territorial mask mandate,Curbside/delivery only,Mandatory - all people,0,21315,0,0,1973,103,0
Curbside/delivery only,4/24/2020,No order found,No state/territorial mask mandate,Curbside/delivery only,Mandatory - all people,0,25757,0,0,1885,93,0
Curbside/delivery only,4/25/2020,No order found,No state/territorial mask mandate,Curbside/delivery only,Mandatory - all people,0,24173,0,0,1883,84,0
Curbside/delivery only,4/26/2020,No order found,No state/territorial mask mandate,Curbside/delivery only,Mandatory - all people,0,14289,0,0,1027,74,0
Curbside/delivery only,4/27/2020,No order found,No state/territorial mask mandate,Curbside/delivery only,Mandatory - all people,0,17427,0,0,1300,29,0
Curbside/delivery only,4/28/2020,No order found,No state/territorial mask mandate,Curbside/delivery only,Mandatory - all people,0,27567,0,0,1567,45,0
Curbside/delivery only,4/29/2020,No order found,No state/territorial mask mandate,Curbside/delivery only,Mandatory - all people,0,26567,0,0,1469,88,0
Curbside/delivery only,4/30/2020,No order found,No state/territorial mask mandate,Curbside/delivery only,Mandatory - all people,0,33284,0,0,2417,81,0
Curbside/delivery only,5/1/2020,No order found,No state/territorial mask mandate,Curbside/delivery only,Mandatory - all people,0,36298,0,0,1525,98,0
Curbside/delivery only,5/2/2020,No order found,No state/territorial mask mandate,Curbside/delivery only,Mandatory - all people,0,31224,0,0,1755,95,0
Curbside/delivery only,5/3/2020,No order found,No state/territorial mask mandate,Curbside/delivery only,Mandatory - all people,0,25657,0,0,1419,55,0
Curbside/delivery only,5/4/2020,No order found,No state/territorial mask mandate,Curbside/delivery only,Mandatory - all people,0,33750,0,0,1321,40,0
Curbside/delivery only,5/5/2020,No order found,No state/territorial mask mandate,Curbside/delivery only,Mandatory - all people,0,35048,0,0,1275,43,0
Curbside/delivery only,5/6/2020,No order found,No state/territorial mask mandate,Curbside/delivery only,Mandatory - all people,0,39413,0,0,2603,104,0
Curbside/delivery only,5/7/2020,No order found,No state/territorial mask mandate,Curbside/delivery only,Mandatory - all people,0,42806,0,0,1799,87,0
Curbside/delivery only,5/8/2020,No order found,No state/territorial mask mandate,Curbside/delivery only,Mandatory - all people,0,35998,0,0,1898,81,0
Curbside/delivery only,5/9/2020,No order found,No state/territorial mask mandate,Curbside/delivery only,Mandatory - all people,0,38908,0,0,2049,83,0
Curbside/delivery only,5/10/2020,No order found,No state/territorial mask mandate,Curbside/delivery only,Mandatory - all people,0,32119,0,0,2119,81,0
Curbside/delivery only,5/11/2020,No order found,No state/territorial mask mandate,Curbside/delivery only,Mandatory - all people,0,36134,0,0,1259,34,0
Curbside/delivery only,5/12/2020,No order found,No state/territorial mask mandate,Open indoor with limitations,Advisory/Recommendation,0,37062,0,0,1443,61,0
Curbside/delivery only,5/13/2020,No order found,No state/territorial mask mandate,Open indoor with limitations,Advisory/Recommendation,0,44961,0,0,0,0,0
Curbside/delivery only,5/14/2020,No order found,No state/territorial mask mandate,Open indoor with limitations,Advisory/Recommendation,0,49717,0,0,7183,270,0
Curbside/delivery only,5/15/2020,No order found,No state/territorial mask mandate,Open indoor with limitations,Advisory/Recommendation,0,55826,0,0,1772,103,0
Curbside/delivery only,5/16/2020,No order found,No state/territorial mask mandate,Open indoor with limitations,Advisory/Recommendation,0,44651,0,0,1857,90,0
Curbside/delivery only,5/17/2020,No order found,No state/territorial mask mandate,Open indoor with limitations,Advisory/Recommendation,0,34729,0,0,2046,61,0
Curbside/delivery only,5/18/2020,No order found,No state/territorial mask mandate,Open indoor with limitations,Advisory/Recommendation,0,33354,0,0,1591,36,0
Curbside/delivery only,5/19/2020,No order found,No state/territorial mask mandate,Open indoor with limitations,Advisory/Recommendation,0,46083,0,0,1365,34,0
Curbside/delivery only,5/20/2020,No order found,No state/territorial mask mandate,Open indoor with limitations,Advisory/Recommendation,0,52249,0,0,2262,124,0
Curbside/delivery only,5/21/2020,No order found,No state/territorial mask mandate,Open indoor with limitations,Advisory/Recommendation,0,61259,0,0,2140,77,0
Curbside/delivery only,5/22/2020,No order found,No state/territorial mask mandate,Open indoor with limitations,Advisory/Recommendation,0,70883,0,0,2247,93,0
Curbside/delivery only,5/23/2020,No order found,No state/territorial mask mandate,Open indoor with limitations,Advisory/Recommendation,0,55033,0,0,2187,45,0
Curbside/delivery only,5/24/2020,No order found,No state/territorial mask mandate,Open indoor with limitations,Advisory/Recommendation,0,51144,0,0,2079,57,0
Curbside/delivery only,5/25/2020,No order found,No state/territorial mask mandate,Open indoor with limitations,Advisory/Recommendation,0,49749,0,0,1848,20,0
Curbside/delivery only,5/26/2020,No order found,No state/territorial mask mandate,Open indoor with limitations,Advisory/Recommendation,0,52900,0,0,2175,13,0
Curbside/delivery only,5/27/2020,No order found,No state/territorial mask mandate,Open indoor with limitations,Advisory/Recommendation,0,52476,0,0,2247,28,0
Curbside/delivery only,5/28/2020,No order found,No state/territorial mask mandate,Open indoor with limitations,Advisory/Recommendation,0,64002,0,0,2717,109,0
Curbside/delivery only,5/29/2020,No order found,No state/territorial mask mandate,Open indoor with limitations,Advisory/Recommendation,0,67777,0,0,2189,88,0
Curbside/delivery only,5/30/2020,No order found,No state/territorial mask mandate,Open indoor with limitations,Advisory/Recommendation,0,56381,0,0,2992,81,0
Curbside/delivery only,5/31/2020,No order found,No state/territorial mask mandate,Open indoor with limitations,Advisory/Recommendation,0,55296,0,0,3705,58,0
Curbside/delivery only,6/1/2020,No order found,No state/territorial mask mandate,Open indoor with limitations,Advisory/Recommendation,0,56479,0,0,2423,37,0
Curbside/delivery only,6/2/2020,No order found,No state/territorial mask mandate,Open indoor with limitations,Advisory/Recommendation,0,53749,0,0,2304,47,0
Curbside/delivery only,6/3/2020,No order found,No state/territorial mask mandate,Open indoor with limitations,Advisory/Recommendation,0,62686,0,0,2377,104,0
Curbside/delivery only,6/4/2020,No order found,No state/territorial mask mandate,Open indoor with limitations,Advisory/Recommendation,0,68831,0,0,2120,67,0
Curbside/delivery only,6/5/2020,No order found,No state/territorial mask mandate,Open indoor with limitations,Advisory/Recommendation,0,67194,0,0,3094,70,0
Curbside/delivery only,6/6/2020,No order found,No state/territorial mask mandate,Open indoor with limitations,Advisory/Recommendation,0,63998,0,0,3115,67,0
Curbside/delivery only,6/7/2020,No order found,No state/territorial mask mandate,Open indoor with limitations,Advisory/Recommendation,0,55701,0,0,2796,66,0
Curbside/delivery only,6/8/2020,No order found,No state/territorial mask mandate,Open indoor with limitations,Advisory/Recommendation,0,52657,0,0,2507,27,0
Curbside/delivery only,6/9/2020,No order found,No state/territorial mask mandate,Open indoor with limitations,Advisory/Recommendation,0,63946,0,0,2170,31,0
Curbside/delivery only,6/10/2020,No order found,No state/territorial mask mandate,Open indoor with limitations,Advisory/Recommendation,0,73226,0,0,2702,104,0
Curbside/delivery only,6/11/2020,No order found,No state/territorial mask mandate,Open indoor with limitations,Advisory/Recommendation,0,78495,0,0,3090,106,0
Open indoor with limitations,6/12/2020,No order found,No state/territorial mask mandate,Open indoor with limitations,Advisory/Recommendation,0,74980,0,0,2702,63,0
Open indoor with limitations,6/13/2020,No order found,No state/territorial mask mandate,Open indoor with limitations,Advisory/Recommendation,0,72240,0,0,3660,47,0
Open indoor with limitations,6/14/2020,No order found,No state/territorial mask mandate,Open indoor with limitations,Advisory/Recommendation,0,60961,0,0,3212,82,0
Open indoor with limitations,6/15/2020,No order found,No state/territorial mask mandate,Open indoor with limitations,Advisory/Recommendation,0,64598,0,0,2597,19,0
Open indoor with limitations,6/16/2020,No order found,No state/territorial mask mandate,Open indoor with limitations,Advisory/Recommendation,0,78028,0,0,2108,22,0
Open indoor with limitations,6/17/2020,No order found,No state/territorial mask mandate,Open indoor with limitations,Advisory/Recommendation,0,81249,0,0,3455,62,0
Open indoor with limitations,6/18/2020,No order found,State-wide/territory-wide mask mandate,Open indoor with limitations,Advisory/Recommendation,0,80429,0,0,4084,78,0
Open indoor with limitations,6/19/2020,No order found,State-wide/territory-wide mask mandate,Open indoor with limitations,Advisory/Recommendation,0,84723,0,0,4317,108,0
Open indoor with limitations,6/20/2020,No order found,State-wide/territory-wide mask mandate,Open indoor with limitations,Advisory/Recommendation,0,72340,0,0,3893,68,0
Open indoor with limitations,6/21/2020,No order found,State-wide/territory-wide mask mandate,Open indoor with limitations,Advisory/Recommendation,0,67329,0,0,4515,84,0
Open indoor with limitations,6/22/2020,No order found,State-wide/territory-wide mask mandate,Open indoor with limitations,Advisory/Recommendation,0,66270,0,0,4230,23,0
Open indoor with limitations,6/23/2020,No order found,State-wide/territory-wide mask mandate,Open indoor with limitations,Advisory/Recommendation,0,79585,0,0,5019,20,0
Open indoor with limitations,6/24/2020,No order found,State-wide/territory-wide mask mandate,Open indoor with limitations,Advisory/Recommendation,0,91527,0,0,7149,54,0
Open indoor with limitations,6/25/2020,No order found,State-wide/territory-wide mask mandate,Open indoor with limitations,Advisory/Recommendation,0,93631,0,0,5349,104,0
Open indoor with limitations,6/26/2020,No order found,State-wide/territory-wide mask mandate,Open indoor with limitations,Advisory/Recommendation,0,99253,0,0,4890,114,0
Open indoor with limitations,6/27/2020,No order found,State-wide/territory-wide mask mandate,Open indoor with limitations,Advisory/Recommendation,0,91095,0,0,5972,69,0
Open indoor with limitations,6/28/2020,No order found,State-wide/territory-wide mask mandate,Open indoor with limitations,Advisory/Recommendation,0,78838,0,0,3979,25,0
Open indoor with limitations,6/29/2020,No order found,State-wide/territory-wide mask mandate,Open indoor with limitations,Advisory/Recommendation,0,80687,0,0,6138,39,0
Open indoor with limitations,6/30/2020,No order found,State-wide/territory-wide mask mandate,Open indoor with limitations,Advisory/Recommendation,0,101940,0,0,6367,27,0
Open indoor with limitations,7/1/2020,No order found,State-wide/territory-wide mask mandate,Open indoor with limitations,Advisory/Recommendation,0,104101,0,0,9740,101,0
Open indoor with limitations,7/2/2020,No order found,State-wide/territory-wide mask mandate,Open indoor with limitations,Advisory/Recommendation,0,113908,0,0,7538,81,0
Open indoor with limitations,7/3/2020,No order found,State-wide/territory-wide mask mandate,Open indoor with limitations,Advisory/Recommendation,0,96384,0,0,8040,125,0
Open indoor with limitations,7/4/2020,No order found,State-wide/territory-wide mask mandate,Open indoor with limitations,Advisory/Recommendation,0,80454,0,0,6510,63,0
Open indoor with limitations,7/5/2020,No order found,State-wide/territory-wide mask mandate,Open indoor with limitations,Advisory/Recommendation,0,76328,0,0,5410,18,0
Open indoor with limitations,7/6/2020,No order found,State-wide/territory-wide mask mandate,Open indoor with limitations,Advisory/Recommendation,0,84039,0,0,11529,36,0
Open indoor with limitations,7/7/2020,No order found,State-wide/territory-wide mask mandate,Open indoor with limitations,Advisory/Recommendation,0,95514,0,0,6090,61,0
Open indoor with limitations,7/8/2020,No order found,State-wide/territory-wide mask mandate,Open indoor with limitations,Advisory/Recommendation,0,109978,0,0,11694,113,0
Open indoor with limitations,7/9/2020,No order found,State-wide/territory-wide mask mandate,Open indoor with limitations,Advisory/Recommendation,0,121359,0,0,7031,146,0
Open indoor with limitations,7/10/2020,No order found,State-wide/territory-wide mask mandate,Open indoor with limitations,Advisory/Recommendation,0,133099,0,0,7798,166,0
Open indoor with limitations,7/11/2020,No order found,State-wide/territory-wide mask mandate,Open indoor with limitations,Advisory/Recommendation,0,110404,0,0,8047,105,0
Open indoor with limitations,7/12/2020,No order found,State-wide/territory-wide mask mandate,Open indoor with limitations,Advisory/Recommendation,0,89649,0,0,8460,97,0
Curbside/delivery only,7/13/2020,No order found,State-wide/territory-wide mask mandate,Open for outdoor only,Advisory/Recommendation,0,123295,0,0,8358,25,0
Curbside/delivery only,7/14/2020,No order found,State-wide/territory-wide mask mandate,Open for outdoor only,Advisory/Recommendation,0,123902,0,0,7285,25,0
Curbside/delivery only,7/15/2020,No order found,State-wide/territory-wide mask mandate,Open for outdoor only,Advisory/Recommendation,0,128795,0,0,11187,125,0
Curbside/delivery only,7/16/2020,No order found,State-wide/territory-wide mask mandate,Open for outdoor only,Advisory/Recommendation,0,126560,0,0,8544,119,0
Curbside/delivery only,7/17/2020,No order found,State-wide/territory-wide mask mandate,Open for outdoor only,Advisory/Recommendation,0,123362,0,0,9986,126,0
Curbside/delivery only,7/18/2020,No order found,State-wide/territory-wide mask mandate,Open for outdoor only,Advisory/Recommendation,0,105053,0,0,9199,121,0
Curbside/delivery only,7/19/2020,No order found,State-wide/territory-wide mask mandate,Open for outdoor only,Advisory/Recommendation,0,101474,0,0,9329,90,0
Curbside/delivery only,7/20/2020,No order found,State-wide/territory-wide mask mandate,Open for outdoor only,Advisory/Recommendation,0,129048,0,0,6846,31,0
Curbside/delivery only,7/21/2020,No order found,State-wide/territory-wide mask mandate,Open for outdoor only,Advisory/Recommendation,0,146919,0,0,9231,26,0
Curbside/delivery only,7/22/2020,No order found,State-wide/territory-wide mask mandate,Open for outdoor only,Advisory/Recommendation,0,153481,0,0,12807,116,0
Curbside/delivery only,7/23/2020,No order found,State-wide/territory-wide mask mandate,Open for outdoor only,Advisory/Recommendation,0,135336,0,0,12040,156,0
Curbside/delivery only,7/24/2020,No order found,State-wide/territory-wide mask mandate,Open for outdoor only,Advisory/Recommendation,0,136551,0,0,9212,147,0
Curbside/delivery only,7/25/2020,No order found,State-wide/territory-wide mask mandate,Open for outdoor only,Advisory/Recommendation,0,100709,0,0,10572,146,0
Curbside/delivery only,7/26/2020,No order found,State-wide/territory-wide mask mandate,Open for outdoor only,Advisory/Recommendation,0,95512,0,0,8259,140,0
Curbside/delivery only,7/27/2020,No order found,State-wide/territory-wide mask mandate,Open for outdoor only,Advisory/Recommendation,0,112456,0,0,6891,30,0
Curbside/delivery only,7/28/2020,No order found,State-wide/territory-wide mask mandate,Open for outdoor only,Advisory/Recommendation,0,140031,0,0,6000,24,0
Curbside/delivery only,7/29/2020,No order found,State-wide/territory-wide mask mandate,Open for outdoor only,Advisory/Recommendation,0,133292,0,0,8755,80,0
Curbside/delivery only,7/30/2020,No order found,State-wide/territory-wide mask mandate,Open for outdoor only,Advisory/Recommendation,0,152267,0,0,10197,235,0
Curbside/delivery only,7/31/2020,No order found,State-wide/territory-wide mask mandate,Open for outdoor only,Advisory/Recommendation,0,133359,0,0,8086,188,0
Curbside/delivery only,8/1/2020,No order found,State-wide/territory-wide mask mandate,Open for outdoor only,Advisory/Recommendation,0,125240,0,0,6542,156,0
Curbside/delivery only,8/2/2020,No order found,State-wide/territory-wide mask mandate,Open for outdoor only,Advisory/Recommendation,0,102333,0,0,9032,157,0
Curbside/delivery only,8/3/2020,No order found,State-wide/territory-wide mask mandate,Open for outdoor only,Advisory/Recommendation,0,115146,0,0,5739,74,0
Curbside/delivery only,8/4/2020,No order found,State-wide/territory-wide mask mandate,Open for outdoor only,Advisory/Recommendation,0,116430,0,0,4526,23,0
Curbside/delivery only,8/5/2020,No order found,State-wide/territory-wide mask mandate,Open for outdoor only,Advisory/Recommendation,0,120024,0,0,5295,171,0
Curbside/delivery only,8/6/2020,No order found,State-wide/territory-wide mask mandate,Open for outdoor only,Advisory/Recommendation,0,136207,0,0,5258,140,0
Curbside/delivery only,8/7/2020,No order found,State-wide/territory-wide mask mandate,Open for outdoor only,Advisory/Recommendation,0,142421,0,0,8436,147,0
Curbside/delivery only,8/8/2020,No order found,State-wide/territory-wide mask mandate,Open for outdoor only,Advisory/Recommendation,0,117810,0,0,7371,175,0
Curbside/delivery only,8/9/2020,No order found,State-wide/territory-wide mask mandate,Open for outdoor only,Advisory/Recommendation,0,99740,0,0,8373,191,0
Curbside/delivery only,8/10/2020,No order found,State-wide/territory-wide mask mandate,Open for outdoor only,Advisory/Recommendation,0,105354,0,0,7751,74,0
Curbside/delivery only,8/11/2020,No order found,State-wide/territory-wide mask mandate,Open for outdoor only,Advisory/Recommendation,0,100623,0,0,12500,25,0
Curbside/delivery only,8/12/2020,No order found,State-wide/territory-wide mask mandate,Open for outdoor only,Advisory/Recommendation,0,123718,0,0,11645,219,0
Curbside/delivery only,8/13/2020,No order found,State-wide/territory-wide mask mandate,Open for outdoor only,Advisory/Recommendation,0,123905,0,0,7085,175,0
Curbside/delivery only,8/14/2020,No order found,State-wide/territory-wide mask mandate,Open for outdoor only,Advisory/Recommendation,0,121960,0,0,7934,165,0
Curbside/delivery only,8/15/2020,No order found,State-wide/territory-wide mask mandate,Open for outdoor only,Advisory/Recommendation,0,97943,0,0,12614,163,0
Curbside/delivery only,8/16/2020,No order found,State-wide/territory-wide mask mandate,Open for outdoor only,Advisory/Recommendation,0,77353,0,0,7873,110,0
Curbside/delivery only,8/17/2020,No order found,State-wide/territory-wide mask mandate,Open for outdoor only,Advisory/Recommendation,0,95088,0,0,6469,10,0
Curbside/delivery only,8/18/2020,No order found,State-wide/territory-wide mask mandate,Open for outdoor only,Advisory/Recommendation,0,105064,0,0,4636,31,0
Curbside/delivery only,8/19/2020,No order found,State-wide/territory-wide mask mandate,Open for outdoor only,Advisory/Recommendation,0,106578,0,0,6164,156,0
Curbside/delivery only,8/20/2020,No order found,State-wide/territory-wide mask mandate,Open for outdoor only,Advisory/Recommendation,0,123399,0,0,5920,165,0
Curbside/delivery only,8/21/2020,No order found,State-wide/territory-wide mask mandate,Open for outdoor only,Advisory/Recommendation,0,111780,0,0,5585,124,0
Curbside/delivery only,8/22/2020,No order found,State-wide/territory-wide mask mandate,Open for outdoor only,Advisory/Recommendation,0,101475,0,0,6556,151,0
Curbside/delivery only,8/23/2020,No order found,State-wide/territory-wide mask mandate,Open for outdoor only,Advisory/Recommendation,0,66994,0,0,6777,204,0
Curbside/delivery only,8/24/2020,No order found,State-wide/territory-wide mask mandate,Open for outdoor only,Advisory/Recommendation,0,75496,0,0,4946,10,0
Curbside/delivery only,8/25/2020,No order found,State-wide/territory-wide mask mandate,Open for outdoor only,Advisory/Recommendation,0,97559,0,0,4480,48,0
Curbside/delivery only,8/26/2020,No order found,State-wide/territory-wide mask mandate,Open for outdoor only,Advisory/Recommendation,0,114205,0,0,6004,155,0
Curbside/delivery only,8/27/2020,No order found,State-wide/territory-wide mask mandate,Open for outdoor only,Advisory/Recommendation,0,107818,0,0,4430,138,0
Curbside/delivery only,8/28/2020,No order found,State-wide/territory-wide mask mandate,Open for outdoor only,Advisory/Recommendation,0,109732,0,0,5329,165,0
Curbside/delivery only,8/29/2020,No order found,State-wide/territory-wide mask mandate,Open for outdoor only,Advisory/Recommendation,0,89441,0,0,4981,108,0
Curbside/delivery only,8/30/2020,No order found,State-wide/territory-wide mask mandate,Open for outdoor only,Advisory/Recommendation,0,74476,0,0,6070,176,0
Open indoor with limitations,8/31/2020,No order found,State-wide/territory-wide mask mandate,Open indoor with limitations,Advisory/Recommendation,0,64758,0,0,4176,12,0
Open indoor with limitations,9/1/2020,No order found,State-wide/territory-wide mask mandate,Open indoor with limitations,Advisory/Recommendation,0,103213,0,0,3712,38,0
Open indoor with limitations,9/2/2020,No order found,State-wide/territory-wide mask mandate,Open indoor with limitations,Advisory/Recommendation,0,109715,0,0,4255,158,0
Open indoor with limitations,9/3/2020,No order found,State-wide/territory-wide mask mandate,Open indoor with limitations,Advisory/Recommendation,0,116715,0,0,5125,167,0
Open indoor with limitations,9/4/2020,No order found,State-wide/territory-wide mask mandate,Open indoor with limitations,Advisory/Recommendation,0,114102,0,0,5106,172,0
Open indoor with limitations,9/5/2020,No order found,State-wide/territory-wide mask mandate,Open indoor with limitations,Advisory/Recommendation,0,87588,0,0,4956,177,0
Open indoor with limitations,9/6/2020,No order found,State-wide/territory-wide mask mandate,Open indoor with limitations,Advisory/Recommendation,0,60406,0,0,4905,123,0
Open indoor with limitations,9/7/2020,No order found,State-wide/territory-wide mask mandate,Open indoor with limitations,Advisory/Recommendation,0,41425,0,0,3091,4,0
Open indoor with limitations,9/8/2020,No order found,State-wide/territory-wide mask mandate,Open indoor with limitations,Advisory/Recommendation,0,69255,0,0,2676,51,0
Open indoor with limitations,9/9/2020,No order found,State-wide/territory-wide mask mandate,Open indoor with limitations,Advisory/Recommendation,0,109732,0,0,1616,80,0
Open indoor with limitations,9/10/2020,No order found,State-wide/territory-wide mask mandate,Open indoor with limitations,Advisory/Recommendation,0,125913,0,0,3338,120,0
Open indoor with limitations,9/11/2020,No order found,State-wide/territory-wide mask mandate,Open indoor with limitations,Advisory/Recommendation,0,115963,0,0,3326,116,0
Open indoor with limitations,9/12/2020,Bans gatherings of any size,State-wide/territory-wide mask mandate,Open indoor with limitations,Advisory/Recommendation,0,97640,0,0,4107,119,0
Open indoor with limitations,9/13/2020,Bans gatherings of any size,State-wide/territory-wide mask mandate,Open indoor with limitations,Advisory/Recommendation,0,66343,0,0,4625,128,0
Open indoor with limitations,9/14/2020,Bans gatherings of any size,State-wide/territory-wide mask mandate,Open indoor with limitations,Advisory/Recommendation,0,67199,0,0,2855,1,0
Open indoor with limitations,9/15/2020,Bans gatherings of any size,State-wide/territory-wide mask mandate,Open indoor with limitations,Advisory/Recommendation,0,107126,0,0,2235,49,0
Open indoor with limitations,9/16/2020,Bans gatherings of any size,State-wide/territory-wide mask mandate,Open indoor with limitations,Advisory/Recommendation,0,126392,0,0,2950,151,0
Open indoor with limitations,9/17/2020,Bans gatherings of any size,State-wide/territory-wide mask mandate,Open indoor with limitations,Advisory/Recommendation,0,119521,0,0,3238,106,0
Open indoor with limitations,9/18/2020,Bans gatherings of any size,State-wide/territory-wide mask mandate,Open indoor with limitations,Advisory/Recommendation,0,119892,0,0,3630,110,0
Open indoor with limitations,9/19/2020,Bans gatherings of any size,State-wide/territory-wide mask mandate,Open indoor with limitations,Advisory/Recommendation,0,99306,0,0,4304,135,0
Open indoor with limitations,9/20/2020,Bans gatherings of any size,State-wide/territory-wide mask mandate,Open indoor with limitations,Advisory/Recommendation,0,74976,0,0,4265,86,0
Open indoor with limitations,9/21/2020,Bans gatherings of any size,State-wide/territory-wide mask mandate,Open indoor with limitations,Advisory/Recommendation,0,74822,0,0,3294,25,0
Open indoor with limitations,9/22/2020,Bans gatherings of any size,State-wide/territory-wide mask mandate,Open indoor with limitations,Advisory/Recommendation,0,111871,0,0,2630,27,0
Open indoor with limitations,9/23/2020,Bans gatherings of any size,State-wide/territory-wide mask mandate,Open indoor with limitations,Advisory/Recommendation,0,127116,0,0,3146,138,0
Open indoor with limitations,9/24/2020,Bans gatherings of any size,State-wide/territory-wide mask mandate,Open indoor with limitations,Advisory/Recommendation,0,118572,0,0,3170,116,0
Open indoor with limitations,9/25/2020,Bans gatherings of any size,State-wide/territory-wide mask mandate,Open indoor with limitations,Advisory/Recommendation,0,109993,0,0,3400,102,0
Open indoor with limitations,9/26/2020,Bans gatherings of any size,State-wide/territory-wide mask mandate,Open indoor with limitations,Advisory/Recommendation,0,84542,0,0,4197,105,0
Open indoor with limitations,9/27/2020,Bans gatherings of any size,State-wide/territory-wide mask mandate,Open indoor with limitations,Advisory/Recommendation,0,20061,0,0,4071,71,0
Open indoor with limitations,9/28/2020,Bans gatherings of any size,State-wide/territory-wide mask mandate,Open indoor with limitations,Advisory/Recommendation,0,0,0,0,2955,19,0
Open indoor with limitations,9/29/2020,Bans gatherings of any size,State-wide/territory-wide mask mandate,Open indoor with limitations,Advisory/Recommendation,0,42810,0,0,2162,11,0
Open indoor with limitations,9/30/2020,Bans gatherings of any size,State-wide/territory-wide mask mandate,Open indoor with limitations,Advisory/Recommendation,0,93373,0,0,3200,195,0
Open indoor with limitations,10/1/2020,Bans gatherings of any size,State-wide/territory-wide mask mandate,Open indoor with limitations,Advisory/Recommendation,0,114225,0,0,3062,100,0
Open indoor with limitations,10/2/2020,Bans gatherings of any size,State-wide/territory-wide mask mandate,Open indoor with limitations,Advisory/Recommendation,0,96621,0,0,3590,161,0
Open indoor with limitations,10/3/2020,Bans gatherings of any size,State-wide/territory-wide mask mandate,Open indoor with limitations,Advisory/Recommendation,0,91595,0,0,2159,14,0
Open indoor with limitations,10/4/2020,Bans gatherings of any size,State-wide/territory-wide mask mandate,Open indoor with limitations,Advisory/Recommendation,0,25049,0,0,4293,67,0
Open indoor with limitations,10/5/2020,Bans gatherings of any size,State-wide/territory-wide mask mandate,Open indoor with limitations,Advisory/Recommendation,0,44989,0,0,3055,21,0
Open indoor with limitations,10/6/2020,Bans gatherings of any size,State-wide/territory-wide mask mandate,Open indoor with limitations,Advisory/Recommendation,0,116370,0,0,1677,26,0
Open indoor with limitations,10/7/2020,Bans gatherings of any size,State-wide/territory-wide mask mandate,Open indoor with limitations,Advisory/Recommendation,0,149435,0,0,2764,85,0
Open indoor with limitations,10/8/2020,Bans gatherings of any size,State-wide/territory-wide mask mandate,Open indoor with limitations,Advisory/Recommendation,0,145511,0,0,3575,94,0
Open indoor with limitations,10/9/2020,No order found,State-wide/territory-wide mask mandate,Open indoor with limitations,Advisory/Recommendation,0,137309,0,0,3806,73,0
Open indoor with limitations,10/10/2020,No order found,State-wide/territory-wide mask mandate,Open indoor with limitations,Advisory/Recommendation,0,108763,0,0,4170,82,0
Open indoor with limitations,10/11/2020,No order found,State-wide/territory-wide mask mandate,Open indoor with limitations,Advisory/Recommendation,0,84257,0,0,3803,80,0
Open indoor with limitations,10/12/2020,No order found,State-wide/territory-wide mask mandate,Open indoor with limitations,Advisory/Recommendation,0,36510,0,0,3449,10,0
Open indoor with limitations,10/13/2020,No order found,State-wide/territory-wide mask mandate,Open indoor with limitations,Advisory/Recommendation,0,29656,0,0,2378,10,0
Open indoor with limitations,10/14/2020,No order found,State-wide/territory-wide mask mandate,Open indoor with limitations,Advisory/Recommendation,0,42624,0,0,2666,42,0
Open indoor with limitations,10/15/2020,No order found,State-wide/territory-wide mask mandate,Open indoor with limitations,Advisory/Recommendation,0,97156,0,0,3329,99,0
Open indoor with limitations,10/16/2020,No order found,State-wide/territory-wide mask mandate,Open indoor with limitations,Advisory/Recommendation,0,125853,0,0,3075,91,0
Open indoor with limitations,10/17/2020,No order found,State-wide/territory-wide mask mandate,Open indoor with limitations,Advisory/Recommendation,0,103585,0,0,2979,78,0
Open indoor with limitations,10/18/2020,No order found,State-wide/territory-wide mask mandate,Open indoor with limitations,Advisory/Recommendation,0,54789,0,0,2862,93,0
Open indoor with limitations,10/19/2020,No order found,State-wide/territory-wide mask mandate,Open indoor with limitations,Advisory/Recommendation,0,49210,0,0,3474,11,0
Open indoor with limitations,10/20/2020,No order found,State-wide/territory-wide mask mandate,Open indoor with limitations,Advisory/Recommendation,0,81712,0,0,3286,14,0
Open indoor with limitations,10/21/2020,No order found,State-wide/territory-wide mask mandate,Open indoor with limitations,Advisory/Recommendation,0,116223,0,0,3707,79,0
Open indoor with limitations,10/22/2020,No order found,State-wide/territory-wide mask mandate,Open indoor with limitations,Advisory/Recommendation,0,147304,0,0,2940,136,0
Open indoor with limitations,10/23/2020,No order found,State-wide/territory-wide mask mandate,Open indoor with limitations,Advisory/Recommendation,0,140955,0,0,6141,62,0
Open indoor with limitations,10/24/2020,No order found,State-wide/territory-wide mask mandate,Open indoor with limitations,Advisory/Recommendation,0,107062,0,0,5945,46,0
Open indoor with limitations,10/25/2020,No order found,State-wide/territory-wide mask mandate,Open indoor with limitations,Advisory/Recommendation,0,67935,0,0,5219,55,0
Open indoor with limitations,10/26/2020,No order found,State-wide/territory-wide mask mandate,Open indoor with limitations,Advisory/Recommendation,0,55398,0,0,2981,12,0
Open indoor with limitations,10/27/2020,No order found,State-wide/territory-wide mask mandate,Open indoor with limitations,Advisory/Recommendation,0,84578,0,0,3188,15,0
Open indoor with limitations,10/28/2020,No order found,State-wide/territory-wide mask mandate,Open indoor with limitations,Advisory/Recommendation,0,115425,0,0,4515,116,0
Open indoor with limitations,10/29/2020,No order found,State-wide/territory-wide mask mandate,Open indoor with limitations,Advisory/Recommendation,0,140487,0,0,4191,73,0
Open indoor with limitations,10/30/2020,No order found,State-wide/territory-wide mask mandate,Open indoor with limitations,Advisory/Recommendation,0,150767,0,0,4014,45,0
Open indoor with limitations,10/31/2020,No order found,State-wide/territory-wide mask mandate,Open indoor with limitations,Advisory/Recommendation,0,125383,0,0,5087,58,0
Open indoor with limitations,11/1/2020,No order found,State-wide/territory-wide mask mandate,Open indoor with limitations,Advisory/Recommendation,0,97030,0,0,4529,57,0
Open indoor with limitations,11/2/2020,No order found,State-wide/territory-wide mask mandate,Open indoor with limitations,Advisory/Recommendation,0,76113,0,0,4094,21,0
Open indoor with limitations,11/3/2020,No order found,State-wide/territory-wide mask mandate,Open indoor with limitations,Advisory/Recommendation,0,98018,0,0,4044,9,0
Open indoor with limitations,11/4/2020,No order found,State-wide/territory-wide mask mandate,Open indoor with limitations,Advisory/Recommendation,0,126412,0,0,5338,79,0
Open indoor with limitations,11/5/2020,No order found,State-wide/territory-wide mask mandate,Open indoor with limitations,Advisory/Recommendation,0,169570,0,0,4566,62,0
Open indoor with limitations,11/6/2020,No order found,State-wide/territory-wide mask mandate,Open indoor with limitations,Advisory/Recommendation,0,170997,0,0,6518,65,0
Open indoor with limitations,11/7/2020,No order found,State-wide/territory-wide mask mandate,Open indoor with limitations,Advisory/Recommendation,0,140212,0,0,5863,46,0
Open indoor with limitations,11/8/2020,No order found,State-wide/territory-wide mask mandate,Open indoor with limitations,Advisory/Recommendation,0,98752,0,0,9543,78,0
Open indoor with limitations,11/9/2020,No order found,State-wide/territory-wide mask mandate,Open indoor with limitations,Advisory/Recommendation,0,86582,0,0,5351,0,0
Open indoor with limitations,11/10/2020,No order found,State-wide/territory-wide mask mandate,Open indoor with limitations,Advisory/Recommendation,0,92027,0,0,5367,8,0
Open indoor with limitations,11/11/2020,No order found,State-wide/territory-wide mask mandate,Open indoor with limitations,Advisory/Recommendation,0,132874,0,0,7464,67,0
Open indoor with limitations,11/12/2020,No order found,State-wide/territory-wide mask mandate,Open indoor with limitations,Advisory/Recommendation,0,169225,0,0,6927,43,0
Open indoor with limitations,11/13/2020,No order found,State-wide/territory-wide mask mandate,Open indoor with limitations,Advisory/Recommendation,0,201970,0,0,6893,26,0
Open indoor with limitations,11/14/2020,No order found,State-wide/territory-wide mask mandate,Open indoor with limitations,Advisory/Recommendation,0,166419,0,0,9875,74,0
Open indoor with limitations,11/15/2020,No order found,State-wide/territory-wide mask mandate,Open indoor with limitations,Advisory/Recommendation,0,129998,0,0,10968,65,0
Open indoor with limitations,11/16/2020,No order found,State-wide/territory-wide mask mandate,Open indoor with limitations,Advisory/Recommendation,0,153780,0,0,9890,21,0
Open indoor with limitations,11/17/2020,No order found,State-wide/territory-wide mask mandate,Open indoor with limitations,Advisory/Recommendation,0,197765,0,0,8743,20,0
Open indoor with limitations,11/18/2020,No order found,State-wide/territory-wide mask mandate,Open indoor with limitations,Advisory/Recommendation,0,233904,0,0,9811,52,0
Open indoor with limitations,11/19/2020,No order found,State-wide/territory-wide mask mandate,Open indoor with limitations,Advisory/Recommendation,0,224260,0,0,11478,107,0
Open indoor with limitations,11/20/2020,No order found,State-wide/territory-wide mask mandate,Open indoor with limitations,Advisory/Recommendation,0,235511,0,0,13005,91,0
Open indoor with limitations,11/21/2020,No order found,State-wide/territory-wide mask mandate,Open indoor with limitations,Advisory/Recommendation,0,213742,0,0,15442,88,0
Open indoor with limitations,11/22/2020,No order found,State-wide/territory-wide mask mandate,Open indoor with limitations,Advisory/Recommendation,0,179580,0,0,14319,73,0
Open indoor with limitations,11/23/2020,No order found,State-wide/territory-wide mask mandate,Open indoor with limitations,Advisory/Recommendation,0,156432,0,0,8337,42,0
Open indoor with limitations,11/24/2020,No order found,State-wide/territory-wide mask mandate,Open indoor with limitations,Advisory/Recommendation,0,208002,0,0,15329,21,0
Open for outdoor only,11/25/2020,No order found,State-wide/territory-wide mask mandate,Open indoor with limitations,Advisory/Recommendation,0,251097,0,0,18350,113,0
Open for outdoor only,11/26/2020,No order found,State-wide/territory-wide mask mandate,Open indoor with limitations,Advisory/Recommendation,0,197624,0,0,14640,101,0
Open for outdoor only,11/27/2020,No order found,State-wide/territory-wide mask mandate,Open indoor with limitations,Advisory/Recommendation,0,165079,0,0,12635,78,0
Open for outdoor only,11/28/2020,No order found,State-wide/territory-wide mask mandate,Open indoor with limitations,Advisory/Recommendation,0,138609,0,0,11996,45,0
Open for outdoor only,11/29/2020,No order found,State-wide/territory-wide mask mandate,Open indoor with limitations,Advisory/Recommendation,0,126043,0,0,15614,35,0
Open for outdoor only,11/30/2020,No order found,State-wide/territory-wide mask mandate,Open indoor with limitations,Advisory/Recommendation,0,195955,0,0,14034,31,0
Open for outdoor only,12/1/2020,No order found,State-wide/territory-wide mask mandate,Open indoor with limitations,Advisory/Recommendation,0,243421,0,0,12221,29,0
Open for outdoor only,12/2/2020,No order found,State-wide/territory-wide mask mandate,Open indoor with limitations,Advisory/Recommendation,0,256250,0,0,20762,119,0
Open for outdoor only,12/3/2020,No order found,State-wide/territory-wide mask mandate,Open indoor with limitations,Advisory/Recommendation,0,285989,0,0,18588,113,0
Open for outdoor only,12/4/2020,No order found,State-wide/territory-wide mask mandate,Open indoor with limitations,Advisory/Recommendation,0,281749,0,0,22018,201,0
Open for outdoor only,12/5/2020,No order found,State-wide/territory-wide mask mandate,Open indoor with limitations,Advisory/Recommendation,0,227035,0,0,25068,126,0
Open for outdoor only,12/6/2020,No order found,State-wide/territory-wide mask mandate,Open indoor with limitations,No order found,0,202996,0,0,30075,122,0
Open for outdoor only,12/7/2020,No order found,State-wide/territory-wide mask mandate,Open indoor with limitations,No order found,0,242512,0,0,24735,98,0
Open for outdoor only,12/8/2020,No order found,State-wide/territory-wide mask mandate,Open indoor with limitations,No order found,0,236749,0,0,23272,59,0
Open for outdoor only,12/9/2020,No order found,State-wide/territory-wide mask mandate,Open indoor with limitations,No order found,0,279938,0,0,30851,168,0
Curbside/delivery only,12/10/2020,No order found,State-wide/territory-wide mask mandate,Open for outdoor only,No order found,0,319383,0,0,29677,203,0
Curbside/delivery only,12/11/2020,No order found,State-wide/territory-wide mask mandate,Open for outdoor only,No order found,0,303336,0,0,35468,185,0
Curbside/delivery only,12/12/2020,No order found,State-wide/territory-wide mask mandate,Open for outdoor only,No order found,0,251734,0,0,35729,169,0
Curbside/delivery only,12/13/2020,No order found,State-wide/territory-wide mask mandate,Open for outdoor only,No order found,0,207744,0,0,30334,183,0
Curbside/delivery only,12/14/2020,No order found,State-wide/territory-wide mask mandate,Open for outdoor only,No order found,0,247286,58,18,33278,93,64
Curbside/delivery only,12/15/2020,No order found,State-wide/territory-wide mask mandate,Open for outdoor only,No order found,0,305793,1510,31,32326,90,1338
Curbside/delivery only,12/16/2020,No order found,State-wide/territory-wide mask mandate,Open for outdoor only,No order found,0,282251,10183,20,53711,232,10053
Curbside/delivery only,12/17/2020,No order found,State-wide/territory-wide mask mandate,Open for outdoor only,No order found,0,329740,30181,55,52281,407,30249
Curbside/delivery only,12/18/2020,No order found,State-wide/territory-wide mask mandate,Open for outdoor only,No order found,0,346857,50255,38,41012,263,50271
Curbside/delivery only,12/19/2020,No order found,State-wide/territory-wide mask mandate,Open for outdoor only,No order found,0,282066,27272,24,43608,266,27404
Curbside/delivery only,12/20/2020,No order found,State-wide/territory-wide mask mandate,Open for outdoor only,No order found,0,224043,20170,27,46474,225,20319
Curbside/delivery only,12/21/2020,No order found,State-wide/territory-wide mask mandate,Open for outdoor only,No order found,0,239364,52088,51,37892,144,52319
Curbside/delivery only,12/22/2020,No order found,State-wide/territory-wide mask mandate,Open for outdoor only,No order found,0,267839,54896,72,32659,111,55160
Curbside/delivery only,12/23/2020,No order found,State-wide/territory-wide mask mandate,Open for outdoor only,No order found,0,346631,56665,55,39069,271,56925
Curbside/delivery only,12/24/2020,No order found,State-wide/territory-wide mask mandate,Open for outdoor only,No order found,0,312835,26558,25,34039,287,26706
Curbside/delivery only,12/25/2020,No order found,State-wide/territory-wide mask mandate,Open for outdoor only,No order found,0,247228,2462,9,44175,340,2476
Curbside/delivery only,12/26/2020,No order found,State-wide/territory-wide mask mandate,Open for outdoor only,No order found,0,198576,16187,18,30375,178,16278
Curbside/delivery only,12/27/2020,No order found,State-wide/territory-wide mask mandate,Open for outdoor only,No order found,0,179615,10434,23,50141,219,10487
Curbside/delivery only,12/28/2020,No order found,State-wide/territory-wide mask mandate,Open for outdoor only,No order found,0,213685,51849,140,33170,74,52404
Curbside/delivery only,12/29/2020,No order found,State-wide/territory-wide mask mandate,Open for outdoor only,No order found,0,269878,59528,125,31245,116,60278
Curbside/delivery only,12/30/2020,No order found,State-wide/territory-wide mask mandate,Open indoor with limitations,No order found,0,351497,67793,593,30921,427,68699
Curbside/delivery only,12/31/2020,No order found,State-wide/territory-wide mask mandate,Open indoor with limitations,No order found,0,328721,34907,55,13410,636,34972
Curbside/delivery only,1/1/2021,No order found,State-wide/territory-wide mask mandate,Open indoor with limitations,No order found,0,240083,6222,126,61016,428,6244
Curbside/delivery only,1/2/2021,No order found,State-wide/territory-wide mask mandate,Open indoor with limitations,No order found,0,171440,19329,61,53341,434,19416
Curbside/delivery only,1/3/2021,No order found,State-wide/territory-wide mask mandate,Open indoor with limitations,No order found,0,186266,6661,78,45352,258,6717
Curbside/delivery only,1/4/2021,No order found,State-wide/territory-wide mask mandate,Open indoor with limitations,No order found,0,232272,47526,2791,18442,0,50336
Curbside/delivery only,1/5/2021,No order found,State-wide/territory-wide mask mandate,Open indoor with limitations,No order found,0,289150,56127,6130,42631,327,62594
Curbside/delivery only,1/6/2021,No order found,State-wide/territory-wide mask mandate,Open indoor with limitations,No order found,0,344831,64877,17370,29892,415,82370
Curbside/delivery only,1/7/2021,No order found,State-wide/territory-wide mask mandate,Open indoor with limitations,No order found,0,342879,69005,34706,36385,589,103950
Curbside/delivery only,1/8/2021,No order found,State-wide/territory-wide mask mandate,Open indoor with limitations,No order found,0,296982,76144,46114,50030,555,121338
Curbside/delivery only,1/9/2021,No order found,State-wide/territory-wide mask mandate,Open indoor with limitations,No order found,0,227828,30063,17837,52636,630,47975
Curbside/delivery only,1/10/2021,No order found,State-wide/territory-wide mask mandate,Open indoor with limitations,No order found,0,173181,14352,12059,49685,500,26656
Curbside/delivery only,1/11/2021,No order found,State-wide/territory-wide mask mandate,Open indoor with limitations,No order found,0,225108,68165,44889,39839,415,113593
Open for outdoor only,1/12/2021,No order found,State-wide/territory-wide mask mandate,Open indoor with limitations,No order found,0,265082,81173,43795,36487,194,125095
Open for outdoor only,1/13/2021,No order found,State-wide/territory-wide mask mandate,Open indoor with limitations,No order found,0,359282,92960,36038,33751,580,129554
Open for outdoor only,1/14/2021,No order found,State-wide/territory-wide mask mandate,Open indoor with limitations,No order found,0,371033,114681,20703,35930,537,135766
Open for outdoor only,1/15/2021,No order found,State-wide/territory-wide mask mandate,Open indoor with limitations,No order found,0,342915,135210,17090,42655,425,152544
Open for outdoor only,1/16/2021,No order found,State-wide/territory-wide mask mandate,Open indoor with limitations,No order found,0,228507,78746,8333,40622,603,87156
Open for outdoor only,1/17/2021,No order found,State-wide/territory-wide mask mandate,Open indoor with limitations,No order found,0,148603,47093,4449,42229,563,51854
Open for outdoor only,1/18/2021,No order found,State-wide/territory-wide mask mandate,Open indoor with limitations,No order found,0,158625,70768,19961,30699,326,91093
Open for outdoor only,1/19/2021,No order found,State-wide/territory-wide mask mandate,Open indoor with limitations,No order found,0,220050,123891,34786,23794,225,160288
Open for outdoor only,1/20/2021,No order found,State-wide/territory-wide mask mandate,Open indoor with limitations,No order found,0,289092,140126,38452,22403,326,180335
Open for outdoor only,1/21/2021,No order found,State-wide/territory-wide mask mandate,Open indoor with limitations,No order found,0,287431,164471,22180,19673,655,187447
Open for outdoor only,1/22/2021,No order found,State-wide/territory-wide mask mandate,Open indoor with limitations,No order found,0,279420,170422,16549,23024,684,187703
Open for outdoor only,1/23/2021,No order found,State-wide/territory-wide mask mandate,Open indoor with limitations,No order found,0,218624,106911,12796,22972,515,120053
Open for outdoor only,1/24/2021,No order found,State-wide/territory-wide mask mandate,Open indoor with limitations,No order found,0,141648,58869,4831,24111,664,64486
Open for outdoor only,1/25/2021,No order found,State-wide/territory-wide mask mandate,Open indoor with limitations,No order found,0,152501,115701,39038,27007,240,155281
Open for outdoor only,1/26/2021,No order found,State-wide/territory-wide mask mandate,Open indoor with limitations,No order found,0,230525,143289,41763,17028,212,186283
Open for outdoor only,1/27/2021,No order found,State-wide/territory-wide mask mandate,Open indoor with limitations,No order found,0,297580,157014,43355,16728,666,201369
Open for outdoor only,1/28/2021,No order found,State-wide/territory-wide mask mandate,Open indoor with limitations,No order found,0,266385,167314,39507,16696,744,207613
Open for outdoor only,1/29/2021,No order found,State-wide/territory-wide mask mandate,Open indoor with limitations,No order found,0,252868,162885,40547,19337,597,203413
Open for outdoor only,1/30/2021,No order found,State-wide/territory-wide mask mandate,Open indoor with limitations,No order found,0,221943,119477,16742,18427,656,136724
Open for outdoor only,1/31/2021,No order found,State-wide/territory-wide mask mandate,Open indoor with limitations,No order found,0,151464,68968,5580,18974,590,75036
Open for outdoor only,2/1/2021,No order found,State-wide/territory-wide mask mandate,Open indoor with limitations,No order found,0,156002,131773,42904,15358,350,175450
Open for outdoor only,2/2/2021,No order found,State-wide/territory-wide mask mandate,Open indoor with limitations,No order found,0,249574,155365,51445,12064,194,207314
Open for outdoor only,2/3/2021,No order found,State-wide/territory-wide mask mandate,Open indoor with limitations,No order found,0,265064,171611,59345,10501,561,231910
Open for outdoor only,2/4/2021,No order found,State-wide/territory-wide mask mandate,Open indoor with limitations,No order found,0,268543,181394,68598,13176,616,250909
Open for outdoor only,2/5/2021,No order found,State-wide/territory-wide mask mandate,Open indoor with limitations,No order found,0,257795,181423,85666,14021,779,268049
Open for outdoor only,2/6/2021,No order found,State-wide/territory-wide mask mandate,Open indoor with limitations,No order found,0,194139,129852,36795,12394,605,166597
Open for outdoor only,2/7/2021,No order found,State-wide/territory-wide mask mandate,Open indoor with limitations,No order found,0,128375,54599,17176,15064,438,72295
Open for outdoor only,2/8/2021,No order found,State-wide/territory-wide mask mandate,Open indoor with limitations,No order found,0,124099,130809,66585,10414,279,197689
Open for outdoor only,2/9/2021,No order found,State-wide/territory-wide mask mandate,Open indoor with limitations,No order found,0,163774,139811,89994,8251,170,230012
Open for outdoor only,2/10/2021,No order found,State-wide/territory-wide mask mandate,Open indoor with limitations,No order found,0,110383,149073,118186,8390,520,267622
Open for outdoor only,2/11/2021,No order found,State-wide/territory-wide mask mandate,Open indoor with limitations,No order found,0,115243,157924,126879,8575,565,285822
Open for outdoor only,2/12/2021,No order found,State-wide/territory-wide mask mandate,Open indoor with limitations,No order found,0,98164,157938,132598,10059,530,291423
Open for outdoor only,2/13/2021,No order found,State-wide/territory-wide mask mandate,Open indoor with limitations,No order found,0,60004,102949,77871,9421,466,183790
Open for outdoor only,2/14/2021,No order found,State-wide/territory-wide mask mandate,Open indoor with limitations,No order found,0,32859,58133,44060,8842,471,102726
Open for outdoor only,2/15/2021,No order found,State-wide/territory-wide mask mandate,Open indoor with limitations,No order found,0,38756,83354,65570,6487,262,150010
Open for outdoor only,2/16/2021,No order found,State-wide/territory-wide mask mandate,Open indoor with limitations,No order found,0,118716,145154,125678,5692,76,272741
Open for outdoor only,2/17/2021,No order found,State-wide/territory-wide mask mandate,Open indoor with limitations,No order found,0,193119,138632,141068,4090,291,281496
Open for outdoor only,2/18/2021,No order found,State-wide/territory-wide mask mandate,Open indoor with limitations,No order found,0,194514,144650,152240,5573,451,298378
Open for outdoor only,2/19/2021,No order found,State-wide/territory-wide mask mandate,Open indoor with limitations,No order found,0,186026,145619,132187,6798,436,278451
Open for outdoor only,2/20/2021,No order found,State-wide/territory-wide mask mandate,Open indoor with limitations,No order found,0,130864,93080,77736,6668,441,171377
Open for outdoor only,2/21/2021,No order found,State-wide/territory-wide mask mandate,Open indoor with limitations,No order found,0,90786,47352,44436,6760,393,92342
Open for outdoor only,2/22/2021,No order found,State-wide/territory-wide mask mandate,Open indoor with limitations,No order found,0,121896,92456,91531,4665,232,184854
Open for outdoor only,2/23/2021,No order found,State-wide/territory-wide mask mandate,Open indoor with limitations,No order found,0,196590,118293,131633,3447,90,251282
Open for outdoor only,2/24/2021,No order found,State-wide/territory-wide mask mandate,Open indoor with limitations,No order found,0,217173,149570,162902,5303,341,313419
Open for outdoor only,2/25/2021,No order found,State-wide/territory-wide mask mandate,Open indoor with limitations,No order found,0,193027,185981,168130,4965,1178,354521
Open for outdoor only,2/26/2021,No order found,State-wide/territory-wide mask mandate,Open indoor with limitations,No order found,0,148472,210549,171218,5400,473,383156
Open for outdoor only,2/27/2021,No order found,State-wide/territory-wide mask mandate,Open indoor with limitations,No order found,0,80843,150676,119848,5151,384,271395
Open for outdoor only,2/28/2021,No order found,State-wide/territory-wide mask mandate,Open indoor with limitations,No order found,0,57374,83626,60336,4685,289,144646
Open for outdoor only,3/1/2021,No order found,State-wide/territory-wide mask mandate,Open indoor with limitations,No order found,0,108935,153022,112676,3516,238,266109
Open for outdoor only,3/2/2021,No order found,State-wide/territory-wide mask mandate,Open indoor with limitations,No order found,0,184992,186376,129315,2533,97,316334
Open for outdoor only,3/3/2021,No order found,State-wide/territory-wide mask mandate,Open indoor with limitations,No order found,0,216382,208923,151582,3352,300,361146
Open for outdoor only,3/4/2021,No order found,State-wide/territory-wide mask mandate,Open indoor with limitations,No order found,0,198628,221668,159919,3504,394,381330
Open for outdoor only,3/5/2021,No order found,State-wide/territory-wide mask mandate,Open indoor with limitations,No order found,0,173477,226141,138777,4659,371,363422
Open for outdoor only,3/6/2021,No order found,State-wide/territory-wide mask mandate,Open indoor with limitations,No order found,0,129637,172070,97061,4452,270,261990
Open for outdoor only,3/7/2021,No order found,State-wide/territory-wide mask mandate,Open indoor with limitations,No order found,0,86391,93301,49811,3816,258,136237
Open for outdoor only,3/8/2021,No order found,State-wide/territory-wide mask mandate,Open indoor with limitations,No order found,0,123371,163051,81574,3258,106,233775
Open for outdoor only,3/9/2021,No order found,State-wide/territory-wide mask mandate,Open indoor with limitations,No order found,0,198119,190781,132364,2614,50,306899
Open indoor with limitations,3/10/2021,No order found,State-wide/territory-wide mask mandate,Open indoor with limitations,No order found,0,206786,209951,154769,6412,442,339588
Open indoor with limitations,3/11/2021,No order found,State-wide/territory-wide mask mandate,Open indoor with limitations,No order found,0,183446,238128,192494,3184,270,396410
Open indoor with limitations,3/12/2021,No order found,State-wide/territory-wide mask mandate,Open indoor with limitations,No order found,0,160486,249354,215336,3471,288,417849
Open indoor with limitations,3/13/2021,No order found,State-wide/territory-wide mask mandate,Open indoor with limitations,No order found,0,123679,188370,133561,3230,217,290710
Open indoor with limitations,3/14/2021,No order found,State-wide/territory-wide mask mandate,Open indoor with limitations,No order found,0,48796,95671,76629,2772,140,157291
Open indoor with limitations,3/15/2021,No order found,State-wide/territory-wide mask mandate,Open indoor with limitations,No order found,0,101472,185762,134248,2460,95,298905
Open indoor with limitations,3/16/2021,No order found,State-wide/territory-wide mask mandate,Open indoor with limitations,No order found,0,177723,237098,158653,1260,42,377681
Open indoor with limitations,3/17/2021,No order found,State-wide/territory-wide mask mandate,Open indoor with limitations,No order found,0,205967,266568,151123,2441,205,398682
Open indoor with limitations,3/18/2021,No order found,State-wide/territory-wide mask mandate,Open indoor with limitations,No order found,0,182528,268576,170112,3038,218,419662
Open indoor with limitations,3/19/2021,No order found,State-wide/territory-wide mask mandate,Open indoor with limitations,No order found,0,174020,273124,180828,3287,232,430774
Open indoor with limitations,3/20/2021,No order found,State-wide/territory-wide mask mandate,Open indoor with limitations,No order found,0,128604,204935,114267,3107,45,302954
Open indoor with limitations,3/21/2021,No order found,State-wide/territory-wide mask mandate,Open indoor with limitations,No order found,0,69853,98000,55236,3350,46,144835
Open indoor with limitations,3/22/2021,No order found,State-wide/territory-wide mask mandate,Open indoor with limitations,No order found,0,120912,194187,100057,2000,427,282480
Open indoor with limitations,3/23/2021,No order found,State-wide/territory-wide mask mandate,Open indoor with limitations,No order found,0,182842,244180,144071,1823,51,375966
Open indoor with limitations,3/24/2021,No order found,State-wide/territory-wide mask mandate,Open indoor with limitations,No order found,0,205531,251096,170969,1955,254,407161
Open indoor with limitations,3/25/2021,No order found,State-wide/territory-wide mask mandate,Open indoor with limitations,No order found,0,178107,269493,191029,2251,241,443382
Open indoor with limitations,3/26/2021,No order found,State-wide/territory-wide mask mandate,Open indoor with limitations,No order found,0,153874,271775,208074,2608,245,462642
Open indoor with limitations,3/27/2021,No order found,State-wide/territory-wide mask mandate,Open indoor with limitations,No order found,0,109543,182159,156764,3278,215,327396
Open indoor with limitations,3/28/2021,No order found,State-wide/territory-wide mask mandate,Open indoor with limitations,No order found,0,76139,96976,83356,2998,195,176807
Open indoor with limitations,3/29/2021,No order found,State-wide/territory-wide mask mandate,Open indoor with limitations,No order found,0,135020,193826,145526,2277,32,328975
Open indoor with limitations,3/30/2021,No order found,State-wide/territory-wide mask mandate,Open indoor with limitations,No order found,0,196534,256081,185194,1996,10,421608
Open indoor with limitations,3/31/2021,No order found,State-wide/territory-wide mask mandate,Open indoor with limitations,No order found,0,206490,272435,197930,1962,148,446432
Open indoor with limitations,4/1/2021,No order found,State-wide/territory-wide mask mandate,Open indoor with limitations,No order found,0,191820,329570,232385,2234,154,518668
Open indoor with limitations,4/2/2021,No order found,State-wide/territory-wide mask mandate,Open indoor with limitations,No order found,0,164986,318728,227849,2414,179,500595
Open indoor with limitations,4/3/2021,No order found,State-wide/territory-wide mask mandate,Open indoor with limitations,No order found,0,117734,215644,168578,4877,135,341111
Open indoor with limitations,4/4/2021,No order found,State-wide/territory-wide mask mandate,Open indoor with limitations,No order found,0,70753,78903,75932,2400,109,135602
Open indoor with limitations,4/5/2021,No order found,State-wide/territory-wide mask mandate,Open indoor with limitations,No order found,0,136925,225332,191088,2112,21,373218
Open indoor with limitations,4/6/2021,No order found,State-wide/territory-wide mask mandate,Open indoor with limitations,No order found,0,194212,306232,245834,1367,7,481528
Open indoor with limitations,4/7/2021,No order found,State-wide/territory-wide mask mandate,Open indoor with limitations,No order found,0,217540,317602,254381,2229,118,497458
Open indoor with limitations,4/8/2021,No order found,State-wide/territory-wide mask mandate,Open indoor with limitations,No order found,0,208366,337071,276818,2093,129,524327
Open indoor with limitations,4/9/2021,No order found,State-wide/territory-wide mask mandate,Open indoor with limitations,No order found,0,202087,324881,281114,2606,155,519934
Open indoor with limitations,4/10/2021,No order found,State-wide/territory-wide mask mandate,Open indoor with limitations,No order found,0,136587,246221,223824,4466,170,389594
Open indoor with limitations,4/11/2021,No order found,State-wide/territory-wide mask mandate,Open indoor with limitations,No order found,0,81598,119019,113119,4954,105,196373
Open indoor with limitations,4/12/2021,No order found,State-wide/territory-wide mask mandate,Open indoor with limitations,No order found,0,150218,203104,189243,2649,31,352113
Open indoor with limitations,4/13/2021,No order found,State-wide/territory-wide mask mandate,Open indoor with limitations,No order found,0,204052,256611,196342,1568,9,450994
Open indoor with limitations,4/14/2021,No order found,State-wide/territory-wide mask mandate,Open indoor with limitations,No order found,0,225431,246160,220495,2487,114,465919
Open indoor with limitations,4/15/2021,No order found,State-wide/territory-wide mask mandate,Open indoor with limitations,No order found,0,223884,286129,225965,2016,136,511091
Open indoor with limitations,4/16/2021,No order found,State-wide/territory-wide mask mandate,Open indoor with limitations,No order found,0,181090,266534,231688,2451,79,497696
Open indoor with limitations,4/17/2021,No order found,State-wide/territory-wide mask mandate,Open indoor with limitations,No order found,0,119896,206018,149887,2763,103,355951
Open indoor with limitations,4/18/2021,No order found,State-wide/territory-wide mask mandate,Open indoor with limitations,No order found,0,78298,85840,80538,2667,78,166283
Open indoor with limitations,4/19/2021,No order found,State-wide/territory-wide mask mandate,Open indoor with limitations,No order found,0,134314,158012,175014,1916,4,332666
Open indoor with limitations,4/20/2021,No order found,State-wide/territory-wide mask mandate,Open indoor with limitations,No order found,0,217017,214216,218065,1606,32,432176
Open indoor with limitations,4/21/2021,Ban of gatherings over 26-50 people,State-wide/territory-wide mask mandate,Open indoor with limitations,No order found,0,243825,219532,235966,2126,86,454693
Open indoor with limitations,4/22/2021,Ban of gatherings over 26-50 people,State-wide/territory-wide mask mandate,Open indoor with limitations,No order found,0,226084,213406,260955,2411,102,473717
Open indoor with limitations,4/23/2021,Ban of gatherings over 26-50 people,State-wide/territory-wide mask mandate,Open indoor with limitations,No order found,0,195534,212342,250207,1818,94,462074
Open indoor with limitations,4/24/2021,Ban of gatherings over 26-50 people,State-wide/territory-wide mask mandate,Open indoor with limitations,No order found,0,152723,174642,161100,1229,49,335414
Open indoor with limitations,4/25/2021,Ban of gatherings over 26-50 people,State-wide/territory-wide mask mandate,Open indoor with limitations,No order found,0,86864,83988,71628,1739,53,155502
Open indoor with limitations,4/26/2021,Ban of gatherings over 26-50 people,State-wide/territory-wide mask mandate,Open indoor with limitations,No order found,0,152831,140177,175153,2116,15,313321
Open indoor with limitations,4/27/2021,Ban of gatherings over 26-50 people,State-wide/territory-wide mask mandate,Open indoor with limitations,No order found,0,230132,163622,228669,1445,5,384191
Open indoor with limitations,4/28/2021,Ban of gatherings over 26-50 people,State-wide/territory-wide mask mandate,Open indoor with limitations,No order found,0,233727,162571,216283,1593,65,369548
Open indoor with limitations,4/29/2021,Ban of gatherings over 26-50 people,State-wide/territory-wide mask mandate,Open indoor with limitations,No order found,0,205337,150549,239017,1457,89,379790
Open indoor with limitations,4/30/2021,Ban of gatherings over 26-50 people,State-wide/territory-wide mask mandate,Open indoor with limitations,No order found,0,174818,162643,245220,1897,105,395995
Open indoor with limitations,5/1/2021,Ban of gatherings over 26-50 people,State-wide/territory-wide mask mandate,Open indoor with limitations,No order found,0,114830,102568,163977,2094,158,258581
Open indoor with limitations,5/2/2021,Ban of gatherings over 26-50 people,State-wide/territory-wide mask mandate,Open indoor with limitations,No order found,0,68110,47664,78930,2254,123,121618
Open indoor with limitations,5/3/2021,Ban of gatherings over 26-50 people,State-wide/territory-wide mask mandate,Open indoor with limitations,No order found,0,141182,87321,180227,1512,15,257253
Open indoor with limitations,5/4/2021,Ban of gatherings over 26-50 people,State-wide/territory-wide mask mandate,Open indoor with limitations,No order found,0,217919,110866,235231,1349,2,334840
Open indoor with limitations,5/5/2021,Ban of gatherings over 26-50 people,State-wide/territory-wide mask mandate,Open indoor with limitations,No order found,0,247311,109127,249128,1388,97,347290
Open indoor with limitations,5/6/2021,Ban of gatherings over 26-50 people,State-wide/territory-wide mask mandate,Open indoor with limitations,No order found,0,227076,104421,271760,1547,65,364800
Open indoor with limitations,5/7/2021,Ban of gatherings over 26-50 people,State-wide/territory-wide mask mandate,Open indoor with limitations,No order found,0,166256,110193,262681,2471,100,361734
Open indoor with limitations,5/8/2021,Ban of gatherings over 26-50 people,State-wide/territory-wide mask mandate,Open indoor with limitations,No order found,0,127070,74046,172747,1945,140,239249
Open indoor with limitations,5/9/2021,Ban of gatherings over 26-50 people,State-wide/territory-wide mask mandate,Open indoor with limitations,No order found,0,64318,29625,72028,1853,61,98426
Open indoor with limitations,5/10/2021,Ban of gatherings over 26-50 people,State-wide/territory-wide mask mandate,Open indoor with limitations,No order found,0,137174,61964,162572,1377,13,215828
Open indoor with limitations,5/11/2021,Ban of gatherings over 26-50 people,State-wide/territory-wide mask mandate,Open indoor with limitations,No order found,0,217254,84906,210788,1045,5,286178
Open indoor with limitations,5/12/2021,Ban of gatherings over 26-50 people,State-wide/territory-wide mask mandate,Open indoor with limitations,No order found,0,229345,85754,206332,1231,59,281810
Open indoor with limitations,5/13/2021,Ban of gatherings over 26-50 people,State-wide/territory-wide mask mandate,Open indoor with limitations,No order found,0,203580,131944,204746,1443,46,328699
Open indoor with limitations,5/14/2021,Ban of gatherings over 26-50 people,State-wide/territory-wide mask mandate,Open indoor with limitations,No order found,0,172522,148051,216381,2034,66,354586
Open indoor with limitations,5/15/2021,Ban of gatherings over 26-50 people,State-wide/territory-wide mask mandate,Open indoor with limitations,No order found,0,114983,125569,168227,1864,27,287321
Open indoor with limitations,5/16/2021,Ban of gatherings over 26-50 people,State-wide/territory-wide mask mandate,Open indoor with limitations,No order found,0,62183,63137,86262,1370,55,146088
Open indoor with limitations,5/17/2021,Ban of gatherings over 26-50 people,State-wide/territory-wide mask mandate,Open indoor with limitations,No order found,0,141474,107027,150386,995,11,249142
Open indoor with limitations,5/18/2021,Ban of gatherings over 26-50 people,State-wide/territory-wide mask mandate,Open indoor with limitations,No order found,0,206861,121927,177713,687,3,291524
Open indoor with limitations,5/19/2021,Ban of gatherings over 26-50 people,State-wide/territory-wide mask mandate,Open indoor with limitations,No order found,0,207174,126475,170126,959,42,288111
Open indoor with limitations,5/20/2021,Ban of gatherings over 26-50 people,State-wide/territory-wide mask mandate,Open indoor with limitations,No order found,0,183448,115387,168248,1292,48,274811
Open indoor with limitations,5/21/2021,Ban of gatherings over 26-50 people,State-wide/territory-wide mask mandate,Open indoor with limitations,No order found,0,170823,119493,180399,1627,69,291211
Open indoor with limitations,5/22/2021,Ban of gatherings over 26-50 people,State-wide/territory-wide mask mandate,Open indoor with limitations,No order found,0,117275,96740,120450,1186,50,210838
Open indoor with limitations,5/23/2021,Ban of gatherings over 26-50 people,State-wide/territory-wide mask mandate,Open indoor with limitations,No order found,0,57837,43202,53320,1308,33,93608
Open indoor with limitations,5/24/2021,Ban of gatherings over 26-50 people,State-wide/territory-wide mask mandate,Open indoor with limitations,No order found,0,125229,78885,107388,1081,7,177214
Open indoor with limitations,5/25/2021,Ban of gatherings over 26-50 people,State-wide/territory-wide mask mandate,Open indoor with limitations,No order found,0,198605,86162,118757,618,8,196155
Open indoor with limitations,5/26/2021,Ban of gatherings over 26-50 people,State-wide/territory-wide mask mandate,Open indoor with limitations,No order found,0,210156,83905,114080,1155,54,189584
Open indoor with limitations,5/27/2021,Ban of gatherings over 26-50 people,State-wide/territory-wide mask mandate,Open indoor with limitations,No order found,0,181721,82270,106038,1418,31,178666
Open indoor with limitations,5/28/2021,Ban of gatherings over 26-50 people,State-wide/territory-wide mask mandate,Open indoor with limitations,No order found,0,132991,92028,109392,4864,170,193845
Open indoor with limitations,5/29/2021,Ban of gatherings over 26-50 people,State-wide/territory-wide mask mandate,Open indoor with limitations,No order found,0,88645,55524,58237,1210,0,109868
Open indoor with limitations,5/30/2021,Ban of gatherings over 26-50 people,State-wide/territory-wide mask mandate,Open indoor with limitations,No order found,0,51007,24431,27642,1079,7,49242
Open indoor with limitations,5/31/2021,Ban of gatherings over 26-50 people,State-wide/territory-wide mask mandate,Open indoor with limitations,No order found,0,48743,8117,13938,644,5,20958
Open indoor with limitations,6/1/2021,Ban of gatherings over 26-50 people,State-wide/territory-wide mask mandate,Open indoor with limitations,No order found,0,143503,71022,110497,423,10,173733
Open indoor with limitations,6/2/2021,Ban of gatherings over 26-50 people,State-wide/territory-wide mask mandate,Open indoor with limitations,No order found,0,221095,64558,89777,461,23,146588
Open indoor with limitations,6/3/2021,Ban of gatherings over 26-50 people,State-wide/territory-wide mask mandate,Open indoor with limitations,No order found,0,192262,61960,121252,773,48,175563
Open indoor with limitations,6/4/2021,Ban of gatherings over 26-50 people,State-wide/territory-wide mask mandate,Open indoor with limitations,No order found,0,178463,68656,139929,1047,87,201907
Open indoor with limitations,6/5/2021,Ban of gatherings over 26-50 people,State-wide/territory-wide mask mandate,Open indoor with limitations,No order found,0,110028,49933,113765,1157,63,158186
Open indoor with limitations,6/6/2021,Ban of gatherings over 26-50 people,State-wide/territory-wide mask mandate,Open indoor with limitations,No order found,0,58125,19658,47599,1101,228,64710
Open indoor with limitations,6/7/2021,Ban of gatherings over 26-50 people,State-wide/territory-wide mask mandate,Open indoor with limitations,No order found,0,120960,48670,97015,874,3,138992
Open indoor with limitations,6/8/2021,Ban of gatherings over 26-50 people,State-wide/territory-wide mask mandate,Open indoor with limitations,No order found,0,164948,57467,114466,792,6,164535
Open indoor with limitations,6/9/2021,Ban of gatherings over 26-50 people,State-wide/territory-wide mask mandate,Open indoor with limitations,No order found,0,152930,51877,113628,846,20,158298
Open indoor with limitations,6/10/2021,Ban of gatherings over 26-50 people,State-wide/territory-wide mask mandate,Open indoor with limitations,No order found,0,145038,53203,108466,856,39,153827
Open indoor with limitations,6/11/2021,Ban of gatherings over 26-50 people,State-wide/territory-wide mask mandate,Open indoor with limitations,No order found,0,145374,60081,113297,1136,55,166090
Open indoor with limitations,6/12/2021,Ban of gatherings over 26-50 people,State-wide/territory-wide mask mandate,Open indoor with limitations,No order found,0,101082,38300,85322,1032,0,119375
Open indoor with limitations,6/13/2021,Ban of gatherings over 26-50 people,State-wide/territory-wide mask mandate,Open indoor with limitations,No order found,0,58522,13636,33966,942,4,45273
Open indoor with limitations,6/14/2021,Ban of gatherings over 26-50 people,State-wide/territory-wide mask mandate,Open indoor with limitations,No order found,0,98692,47234,80287,827,0,119923
No restriction found,6/15/2021,No order found,State-wide/territory-wide mask mandate,No restriction found,No order found,0,141689,56583,90655,628,10,137991
No restriction found,6/16/2021,No order found,State-wide/territory-wide mask mandate,No restriction found,No order found,0,135772,52921,81846,699,19,126622
No restriction found,6/17/2021,No order found,State-wide/territory-wide mask mandate,No restriction found,No order found,0,120164,52802,77830,829,31,120928
No restriction found,6/18/2021,No order found,State-wide/territory-wide mask mandate,No restriction found,No order found,0,117381,57602,85531,1295,57,134654
No restriction found,6/19/2021,No order found,State-wide/territory-wide mask mandate,No restriction found,No order found,0,82224,34677,49695,1176,32,79901
No restriction found,6/20/2021,No order found,State-wide/territory-wide mask mandate,No restriction found,No order found,0,53242,14109,20004,956,35,32523
No restriction found,6/21/2021,No order found,State-wide/territory-wide mask mandate,No restriction found,No order found,0,98740,45616,36301,1123,4,74968
No restriction found,6/22/2021,No order found,State-wide/territory-wide mask mandate,No restriction found,No order found,0,139731,49610,64039,635,8,107234
No restriction found,6/23/2021,No order found,State-wide/territory-wide mask mandate,No restriction found,No order found,0,132137,48244,58385,787,40,100198
No restriction found,6/24/2021,No order found,State-wide/territory-wide mask mandate,No restriction found,No order found,0,126150,47294,55649,1419,81,96961
No restriction found,6/25/2021,No order found,State-wide/territory-wide mask mandate,No restriction found,No order found,0,119896,54345,64785,2015,68,112934
No restriction found,6/26/2021,No order found,State-wide/territory-wide mask mandate,No restriction found,No order found,0,85107,33661,41170,1683,55,71550
No restriction found,6/27/2021,No order found,State-wide/territory-wide mask mandate,No restriction found,No order found,0,57960,16224,18476,2251,45,33109
No restriction found,6/28/2021,No order found,State-wide/territory-wide mask mandate,No restriction found,No order found,0,98695,39537,41983,1256,4,76720
No restriction found,6/29/2021,No order found,State-wide/territory-wide mask mandate,No restriction found,No order found,0,133621,43569,50386,762,5,89738
No restriction found,6/30/2021,No order found,State-wide/territory-wide mask mandate,No restriction found,No order found,0,141158,43462,45294,0,24,84856
No restriction found,7/1/2021,No order found,State-wide/territory-wide mask mandate,No restriction found,No order found,0,128232,40471,43215,1698,73,79657
No restriction found,7/2/2021,No order found,State-wide/territory-wide mask mandate,No restriction found,No order found,0,106369,45220,48728,1792,45,89860
No restriction found,7/3/2021,No order found,State-wide/territory-wide mask mandate,No restriction found,No order found,0,76112,24468,26082,0,0,48841
No restriction found,7/4/2021,No order found,State-wide/territory-wide mask mandate,No restriction found,No order found,0,50822,2006,1962,0,0,3670
No restriction found,7/5/2021,No order found,State-wide/territory-wide mask mandate,No restriction found,No order found,0,41901,21995,22624,0,0,43014
No restriction found,7/6/2021,No order found,State-wide/territory-wide mask mandate,No restriction found,No order found,0,107106,41039,55209,5730,97,92113
No restriction found,7/7/2021,No order found,State-wide/territory-wide mask mandate,No restriction found,No order found,0,150094,38370,45251,1332,21,79006
No restriction found,7/8/2021,No order found,State-wide/territory-wide mask mandate,No restriction found,No order found,0,136334,36637,43385,1416,58,75825
No restriction found,7/9/2021,No order found,State-wide/territory-wide mask mandate,No restriction found,No order found,0,120546,43505,49376,2411,59,88209
No restriction found,7/10/2021,No order found,State-wide/territory-wide mask mandate,No restriction found,No order found,0,87794,26688,30247,0,0,54396
No restriction found,7/11/2021,No order found,State-wide/territory-wide mask mandate,No restriction found,No order found,0,53039,12886,13032,0,0,24768
No restriction found,7/12/2021,No order found,State-wide/territory-wide mask mandate,No restriction found,No order found,0,88130,34258,39665,8910,96,70142
No restriction found,7/13/2021,No order found,State-wide/territory-wide mask mandate,No restriction found,No order found,0,130577,37491,40449,3256,6,74598
No restriction found,7/14/2021,No order found,State-wide/territory-wide mask mandate,No restriction found,No order found,0,138712,36142,39032,3093,30,71831
No restriction found,7/15/2021,No order found,State-wide/territory-wide mask mandate,No restriction found,No order found,0,135440,37282,38206,3622,25,72499
No restriction found,7/16/2021,No order found,State-wide/territory-wide mask mandate,No restriction found,No order found,0,124340,46602,44950,4651,65,87876
No restriction found,7/17/2021,No order found,State-wide/territory-wide mask mandate,No restriction found,No order found,0,88160,29652,28664,0,0,56199
No restriction found,7/18/2021,No order found,State-wide/territory-wide mask mandate,No restriction found,No order found,0,65247,14785,13269,0,0,26918
No restriction found,7/19/2021,No order found,State-wide/territory-wide mask mandate,No restriction found,No order found,0,103823,39264,35649,14097,51,71591
No restriction found,7/20/2021,No order found,State-wide/territory-wide mask mandate,No restriction found,No order found,0,157393,45450,39356,4723,4,81316
No restriction found,7/21/2021,No order found,State-wide/territory-wide mask mandate,No restriction found,No order found,0,177037,44663,38391,5285,11,79492
No restriction found,7/22/2021,No order found,State-wide/territory-wide mask mandate,No restriction found,No order found,0,165290,46287,36417,10962,31,79417
No restriction found,7/23/2021,No order found,State-wide/territory-wide mask mandate,No restriction found,No order found,0,145592,55696,42016,7984,46,93898
No restriction found,7/24/2021,No order found,State-wide/territory-wide mask mandate,No restriction found,No order found,0,114261,34337,24410,0,0,56779
No restriction found,7/25/2021,No order found,State-wide/territory-wide mask mandate,No restriction found,No order found,0,81512,19719,6711,0,0,25856
No restriction found,7/26/2021,No order found,State-wide/territory-wide mask mandate,No restriction found,No order found,0,110098,49317,27104,21940,65,73302
No restriction found,7/27/2021,No order found,State-wide/territory-wide mask mandate,No restriction found,No order found,0,167381,54290,35804,7731,5,86812
No restriction found,7/28/2021,No order found,State-wide/territory-wide mask mandate,No restriction found,No order found,0,194793,55308,34610,6849,38,86551
No restriction found,7/29/2021,No order found,State-wide/territory-wide mask mandate,No restriction found,No order found,0,180613,54633,32756,10778,42,84041
No restriction found,7/30/2021,No order found,State-wide/territory-wide mask mandate,No restriction found,No order found,0,117999,63389,39571,10356,44,99506
No restriction found,7/31/2021,No order found,State-wide/territory-wide mask mandate,No restriction found,No order found,0,83174,38920,23502,0,0,60722
No restriction found,8/1/2021,No order found,State-wide/territory-wide mask mandate,No restriction found,No order found,0,69484,20829,10262,0,0,30460
No restriction found,8/2/2021,No order found,State-wide/territory-wide mask mandate,No restriction found,No order found,0,143988,55099,29782,33407,150,81615
No restriction found,8/3/2021,No order found,State-wide/territory-wide mask mandate,No restriction found,No order found,0,217481,60306,34740,7318,11,91518
No restriction found,8/4/2021,No order found,State-wide/territory-wide mask mandate,No restriction found,No order found,0,234563,57096,32570,8552,54,86542
No restriction found,8/5/2021,No order found,State-wide/territory-wide mask mandate,No restriction found,No order found,0,255648,58166,33293,13042,56,88153
No restriction found,8/6/2021,No order found,State-wide/territory-wide mask mandate,No restriction found,No order found,0,257292,69059,41222,14402,37,106875
No restriction found,8/7/2021,No order found,State-wide/territory-wide mask mandate,No restriction found,No order found,0,215245,41490,25065,12916,33,64854
No restriction found,8/8/2021,No order found,State-wide/territory-wide mask mandate,No restriction found,No order found,0,136370,23274,13019,13271,36,35561
No restriction found,8/9/2021,No order found,State-wide/territory-wide mask mandate,No restriction found,No order found,0,198187,56908,36137,10425,6,89737
No restriction found,8/10/2021,No order found,State-wide/territory-wide mask mandate,No restriction found,No order found,0,242369,57909,38425,9625,10,93117
No restriction found,8/11/2021,No order found,State-wide/territory-wide mask mandate,No restriction found,No order found,0,295415,53034,37031,9925,0,86701
No restriction found,8/12/2021,No order found,State-wide/territory-wide mask mandate,No restriction found,No order found,0,310527,55615,36951,10450,61,89127
No restriction found,8/13/2021,No order found,State-wide/territory-wide mask mandate,No restriction found,No order found,2300,310251,68548,48080,14099,61,113587
No restriction found,8/14/2021,No order found,State-wide/territory-wide mask mandate,No restriction found,No order found,4182,253626,42298,29910,14479,40,73404
No restriction found,8/15/2021,No order found,State-wide/territory-wide mask mandate,No restriction found,No order found,3335,161506,22238,16325,13472,45,40600
